x,y,species cloglog values
1.0,1.0,0.050740097
2.0,2.0,0.005273673
3.0,3.0,0.63876027
4.0,4.0,0.15339722
5.0,5.0,0.0030527697
6.0,6.0,0.0046969475
7.0,7.0,0.423898
8.0,8.0,0.006862449
9.0,9.0,0.003697555
10.0,10.0,0.0053925505
11.0,11.0,0.0032373383
12.0,12.0,0.19560829
13.0,13.0,0.0033468148
14.0,14.0,0.004564887
15.0,15.0,0.006375087
16.0,16.0,0.008946587
17.0,17.0,0.003692146
18.0,18.0,0.010921617
19.0,19.0,0.0031664586
20.0,20.0,0.39128262
21.0,21.0,0.0041468795
22.0,22.0,0.31577832
23.0,23.0,0.011675117
24.0,24.0,0.0045666914
25.0,25.0,0.36308667
26.0,26.0,0.08801714
27.0,27.0,0.63811713
28.0,28.0,0.17983675
29.0,29.0,0.22951175
30.0,30.0,0.0046913032
31.0,31.0,0.0032421697
32.0,32.0,0.24549402
33.0,33.0,0.36166283
34.0,34.0,0.012538044
35.0,35.0,0.0028420694
36.0,36.0,0.64119035
37.0,37.0,0.07790655
38.0,38.0,0.6913379
39.0,39.0,0.004137295
40.0,40.0,0.63580173
41.0,41.0,0.3930544
42.0,42.0,0.036562603
43.0,43.0,0.71678686
44.0,44.0,0.0078120297
45.0,45.0,0.26497778
46.0,46.0,0.0027890697
47.0,47.0,0.0758553
48.0,48.0,0.045883037
49.0,49.0,0.5935641
50.0,50.0,0.05456347
51.0,51.0,0.0037488858
52.0,52.0,0.6333622
53.0,53.0,0.712571
54.0,54.0,0.3730061
55.0,55.0,0.007546973
56.0,56.0,0.0029324458
57.0,57.0,0.0027740994
58.0,58.0,0.031150624
59.0,59.0,0.07976295
60.0,60.0,0.23746455
61.0,61.0,0.003840073
62.0,62.0,0.6313095
63.0,63.0,0.12789509
64.0,64.0,0.119715914
65.0,65.0,0.5338454
66.0,66.0,0.30749935
67.0,67.0,0.014176771
68.0,68.0,0.047381815
69.0,69.0,0.12351424
70.0,70.0,0.0037690927
71.0,71.0,0.065290764
72.0,72.0,0.2915898
73.0,73.0,0.6799833
74.0,74.0,0.23780678
75.0,75.0,0.42292798
76.0,76.0,0.4221863
77.0,77.0,0.30341536
78.0,78.0,0.56365526
79.0,79.0,0.45202
80.0,80.0,0.34763035
81.0,81.0,0.23717155
82.0,82.0,0.02783824
83.0,83.0,0.0025158632
84.0,84.0,0.38536176
85.0,85.0,0.00491326
86.0,86.0,0.21536231
87.0,87.0,0.3463182
88.0,88.0,0.0043910053
89.0,89.0,0.012557579
90.0,90.0,0.64361167
91.0,91.0,0.0038846123
92.0,92.0,0.74980223
93.0,93.0,0.23984003
94.0,94.0,0.0051926714
95.0,95.0,0.20729512
96.0,96.0,0.013000413
97.0,97.0,0.0037976587
98.0,98.0,0.29228038
99.0,99.0,0.0034139263
100.0,100.0,0.39676845
101.0,101.0,0.021177206
102.0,102.0,0.08923498
103.0,103.0,0.12205441
104.0,104.0,0.009103228
105.0,105.0,0.004982443
106.0,106.0,0.0045677596
107.0,107.0,0.023504842
108.0,108.0,0.018224252
109.0,109.0,0.02049949
110.0,110.0,0.0026141221
111.0,111.0,0.008574095
112.0,112.0,0.46481895
113.0,113.0,0.6926318
114.0,114.0,0.0033942417
115.0,115.0,0.0069583766
116.0,116.0,0.0027230086
117.0,117.0,0.26853374
118.0,118.0,0.011946957
119.0,119.0,0.002687691
120.0,120.0,0.11951697
121.0,121.0,0.43636304
122.0,122.0,0.003576237
123.0,123.0,0.6521059
124.0,124.0,0.007366338
125.0,125.0,0.1650766
126.0,126.0,0.08720708
127.0,127.0,0.002507779
128.0,128.0,0.12192581
129.0,129.0,0.0034572491
130.0,130.0,0.6893896
131.0,131.0,0.004985055
132.0,132.0,0.006693315
133.0,133.0,0.18602328
134.0,134.0,0.0032080146
135.0,135.0,0.065974385
136.0,136.0,0.018833458
137.0,137.0,0.023670767
138.0,138.0,0.0025207456
139.0,139.0,0.0049630185
140.0,140.0,0.69344443
141.0,141.0,0.63869065
142.0,142.0,0.11869264
143.0,143.0,0.20510341
144.0,144.0,0.002950085
145.0,145.0,0.1696182
146.0,146.0,0.5746422
147.0,147.0,0.124696545
148.0,148.0,0.002736079
149.0,149.0,0.018552326
150.0,150.0,0.034351822
151.0,151.0,0.3480585
152.0,152.0,0.0021083362
153.0,153.0,0.0066050068
154.0,154.0,0.42910412
155.0,155.0,0.06065013
156.0,156.0,0.42688
157.0,157.0,0.07953228
158.0,158.0,0.26569167
159.0,159.0,0.015988482
160.0,160.0,0.66883665
161.0,161.0,0.3857015
162.0,162.0,0.13669904
163.0,163.0,0.002646673
164.0,164.0,0.19000804
165.0,165.0,0.0028304157
166.0,166.0,0.6673031
167.0,167.0,0.38393635
168.0,168.0,0.002137114
169.0,169.0,0.005987336
170.0,170.0,0.049237777
171.0,171.0,0.73578787
172.0,172.0,0.0022955711
173.0,173.0,0.03663643
174.0,174.0,0.28441897
175.0,175.0,0.4082979
176.0,176.0,0.008191049
177.0,177.0,0.00624881
178.0,178.0,0.018574325
179.0,179.0,0.003051519
180.0,180.0,0.54887104
181.0,181.0,0.5783603
182.0,182.0,0.1602902
183.0,183.0,0.0038370118
184.0,184.0,0.0035922334
185.0,185.0,0.48269114
186.0,186.0,0.18766525
187.0,187.0,0.66896194
188.0,188.0,0.41935244
189.0,189.0,0.002354346
190.0,190.0,0.36171976
191.0,191.0,0.06674049
192.0,192.0,0.01772166
193.0,193.0,0.014496722
194.0,194.0,0.0062264814
195.0,195.0,0.63076663
196.0,196.0,0.09247515
197.0,197.0,0.59278303
198.0,198.0,0.029377598
199.0,199.0,0.61292624
200.0,200.0,0.28608847
201.0,201.0,0.0050907354
202.0,202.0,0.04019039
203.0,203.0,0.1921363
204.0,204.0,0.085061
205.0,205.0,0.5076819
206.0,206.0,0.003188443
207.0,207.0,0.20799622
208.0,208.0,0.005545248
209.0,209.0,0.00199325
210.0,210.0,0.0038400304
211.0,211.0,0.016363217
212.0,212.0,0.42149365
213.0,213.0,0.0023346022
214.0,214.0,0.6487796
215.0,215.0,0.52451384
216.0,216.0,0.0071076974
217.0,217.0,0.0037183368
218.0,218.0,0.29332098
219.0,219.0,0.0073754857
220.0,220.0,0.35257554
221.0,221.0,0.002549915
222.0,222.0,0.026185146
223.0,223.0,0.0022194812
224.0,224.0,0.0046671983
225.0,225.0,0.07448512
226.0,226.0,0.025065115
227.0,227.0,0.35312295
228.0,228.0,0.59812146
229.0,229.0,0.0069724265
230.0,230.0,0.0030373028
231.0,231.0,0.0019158492
232.0,232.0,0.5812326
233.0,233.0,0.0013526774
234.0,234.0,0.0029001299
235.0,235.0,0.010348164
236.0,236.0,0.24859893
237.0,237.0,0.21287122
238.0,238.0,0.0032980703
239.0,239.0,0.132054
240.0,240.0,0.689979
241.0,241.0,0.02418756
242.0,242.0,0.57928675
243.0,243.0,0.06958504
244.0,244.0,0.6143226
245.0,245.0,0.15898083
246.0,246.0,5.793796E-4
247.0,247.0,0.18432799
248.0,248.0,0.3993555
249.0,249.0,0.32976082
250.0,250.0,0.0068893535
251.0,251.0,0.006653646
252.0,252.0,0.4647462
253.0,253.0,0.002538577
254.0,254.0,0.188022
255.0,255.0,0.54334897
256.0,256.0,0.37947163
257.0,257.0,0.034334015
258.0,258.0,0.024253493
259.0,259.0,0.5292907
260.0,260.0,0.11206563
261.0,261.0,0.2374149
262.0,262.0,0.14411984
263.0,263.0,0.003121093
264.0,264.0,0.7131812
265.0,265.0,0.22192276
266.0,266.0,0.0023344788
267.0,267.0,0.02082951
268.0,268.0,0.2535326
269.0,269.0,0.4028194
270.0,270.0,0.36739793
271.0,271.0,0.011119325
272.0,272.0,0.6936189
273.0,273.0,0.27232328
274.0,274.0,0.0022402445
275.0,275.0,0.39086887
276.0,276.0,0.0131645035
277.0,277.0,0.34119228
278.0,278.0,0.0018299854
279.0,279.0,0.014764473
280.0,280.0,0.005031533
281.0,281.0,0.010993078
282.0,282.0,0.6936227
283.0,283.0,0.64069915
284.0,284.0,0.6061547
285.0,285.0,0.35461438
286.0,286.0,0.056723688
287.0,287.0,0.020213772
288.0,288.0,0.016601019
289.0,289.0,0.22166042
290.0,290.0,0.44820908
291.0,291.0,0.28948382
292.0,292.0,0.006316595
293.0,293.0,0.0028293976
294.0,294.0,0.6132226
295.0,295.0,0.0055262167
296.0,296.0,0.19982734
297.0,297.0,0.67483
298.0,298.0,0.072545
299.0,299.0,0.7487354
300.0,300.0,0.054352775
301.0,301.0,0.003783736
302.0,302.0,0.081395425
303.0,303.0,0.08313483
304.0,304.0,0.49336138
305.0,305.0,0.71501404
306.0,306.0,0.2389025
307.0,307.0,0.18130648
308.0,308.0,0.39102483
309.0,309.0,0.0076609068
310.0,310.0,0.20131071
311.0,311.0,0.025875187
312.0,312.0,0.62552416
313.0,313.0,0.68566376
314.0,314.0,0.017615966
315.0,315.0,0.19139108
316.0,316.0,0.14480278
317.0,317.0,0.07585078
318.0,318.0,0.3579377
319.0,319.0,0.0040639434
320.0,320.0,0.051399905
321.0,321.0,0.14202376
322.0,322.0,0.2510198
323.0,323.0,0.38535595
324.0,324.0,0.0022579816
325.0,325.0,0.0063311066
326.0,326.0,0.4229797
327.0,327.0,0.42196745
328.0,328.0,0.063732594
329.0,329.0,0.24464852
330.0,330.0,0.013889365
331.0,331.0,0.40501514
332.0,332.0,0.58248633
333.0,333.0,0.22079985
334.0,334.0,0.48890305
335.0,335.0,0.33581087
336.0,336.0,0.00987493
337.0,337.0,0.15654418
338.0,338.0,0.008025595
339.0,339.0,0.28162104
340.0,340.0,0.57902235
341.0,341.0,0.002745723
342.0,342.0,0.04758374
343.0,343.0,0.57988447
344.0,344.0,0.0044535245
345.0,345.0,0.23739068
346.0,346.0,0.48199934
347.0,347.0,0.007938855
348.0,348.0,0.6180623
349.0,349.0,0.44513232
350.0,350.0,0.28059435
351.0,351.0,0.003614899
352.0,352.0,0.32005367
353.0,353.0,0.0015044278
354.0,354.0,0.15371077
355.0,355.0,0.44413897
356.0,356.0,0.0032577242
357.0,357.0,0.019919246
358.0,358.0,0.052231386
359.0,359.0,0.0034717335
360.0,360.0,0.010600585
361.0,361.0,0.0062750396
362.0,362.0,0.7467615
363.0,363.0,0.4384833
364.0,364.0,0.39964616
365.0,365.0,0.32831457
366.0,366.0,0.63604736
367.0,367.0,0.59777755
368.0,368.0,0.016676564
369.0,369.0,0.010341347
370.0,370.0,0.27926067
371.0,371.0,0.55964816
372.0,372.0,0.00304185
373.0,373.0,0.35563698
374.0,374.0,0.19316155
375.0,375.0,0.16691482
376.0,376.0,0.0019875192
377.0,377.0,0.0031477872
378.0,378.0,0.18480518
379.0,379.0,0.0040418864
380.0,380.0,0.35930535
381.0,381.0,0.67159724
382.0,382.0,0.0011576804
383.0,383.0,0.006086069
384.0,384.0,0.0033121863
385.0,385.0,0.0027976981
386.0,386.0,0.06381518
387.0,387.0,0.0017134409
388.0,388.0,0.006751384
389.0,389.0,0.0026404285
390.0,390.0,0.0059039206
391.0,391.0,0.066352904
392.0,392.0,0.033408638
393.0,393.0,0.051381275
394.0,394.0,0.01758402
395.0,395.0,0.01658447
396.0,396.0,0.3924256
397.0,397.0,0.0026553038
398.0,398.0,0.6185842
399.0,399.0,0.20010225
400.0,400.0,0.016887413
401.0,401.0,0.005605289
402.0,402.0,0.15274203
403.0,403.0,0.0030512032
404.0,404.0,0.006024543
405.0,405.0,0.005325271
406.0,406.0,0.093350634
407.0,407.0,0.0024617463
408.0,408.0,0.0040868283
409.0,409.0,0.0071829814
410.0,410.0,0.10091814
411.0,411.0,0.07034484
412.0,412.0,0.022307083
413.0,413.0,0.5608215
414.0,414.0,0.7298675
415.0,415.0,0.58199066
416.0,416.0,0.004023948
417.0,417.0,0.3917647
418.0,418.0,0.65692896
419.0,419.0,0.0023755897
420.0,420.0,0.010569364
421.0,421.0,0.40337402
422.0,422.0,0.62154657
423.0,423.0,0.60242176
424.0,424.0,0.18818516
425.0,425.0,0.579464
426.0,426.0,0.019733207
427.0,427.0,0.6728166
428.0,428.0,0.05166858
429.0,429.0,0.53192735
430.0,430.0,0.6785934
431.0,431.0,0.003932949
432.0,432.0,0.017765388
433.0,433.0,0.6732495
434.0,434.0,0.40116966
435.0,435.0,0.3357924
436.0,436.0,0.13482177
437.0,437.0,0.024022497
438.0,438.0,0.020154081
439.0,439.0,0.002861642
440.0,440.0,0.14441036
441.0,441.0,0.0016931556
442.0,442.0,0.11908043
443.0,443.0,0.63898253
444.0,444.0,0.629458
445.0,445.0,0.0026533387
446.0,446.0,0.035473872
447.0,447.0,0.0013752434
448.0,448.0,0.028476387
449.0,449.0,0.0071822614
450.0,450.0,0.028481606
451.0,451.0,0.0046612634
452.0,452.0,0.65911424
453.0,453.0,0.0043766345
454.0,454.0,0.50632584
455.0,455.0,0.022684453
456.0,456.0,0.0053883605
457.0,457.0,0.0028788974
458.0,458.0,0.005471937
459.0,459.0,0.0052203434
460.0,460.0,0.018776773
461.0,461.0,0.053943645
462.0,462.0,0.0028699634
463.0,463.0,0.6704702
464.0,464.0,0.68288326
465.0,465.0,0.002353581
466.0,466.0,0.01911589
467.0,467.0,0.3942322
468.0,468.0,0.6754687
469.0,469.0,0.06935757
470.0,470.0,0.041731566
471.0,471.0,0.5983219
472.0,472.0,0.0023623577
473.0,473.0,0.004270508
474.0,474.0,0.2849711
475.0,475.0,0.5730998
476.0,476.0,0.0055373036
477.0,477.0,0.36362308
478.0,478.0,0.0043257778
479.0,479.0,0.0072011705
480.0,480.0,0.0059155608
481.0,481.0,0.7439496
482.0,482.0,0.52066696
483.0,483.0,0.62878454
484.0,484.0,0.12695949
485.0,485.0,0.0032991837
486.0,486.0,0.012417168
487.0,487.0,0.0041086893
488.0,488.0,0.4199007
489.0,489.0,0.003741481
490.0,490.0,0.0061026234
491.0,491.0,0.0034531045
492.0,492.0,0.4464484
493.0,493.0,0.21894708
494.0,494.0,0.07930223
495.0,495.0,0.66176426
496.0,496.0,0.0026226616
497.0,497.0,0.0046061575
498.0,498.0,0.3977126
499.0,499.0,0.4416289
500.0,500.0,0.003116256
501.0,501.0,0.44417313
502.0,502.0,0.50905293
503.0,503.0,0.67888397
504.0,504.0,0.018305056
505.0,505.0,0.5808426
506.0,506.0,0.0026149952
507.0,507.0,0.0044458956
508.0,508.0,0.0121467635
509.0,509.0,0.37092248
510.0,510.0,0.0028827474
511.0,511.0,0.23490037
512.0,512.0,0.04158539
513.0,513.0,0.00399631
514.0,514.0,0.028756008
515.0,515.0,0.0038527618
516.0,516.0,0.15933113
517.0,517.0,0.41271994
518.0,518.0,0.0030773052
519.0,519.0,0.04429841
520.0,520.0,0.351618
521.0,521.0,0.0027701398
522.0,522.0,0.16361812
523.0,523.0,9.214849E-4
524.0,524.0,0.0028552818
525.0,525.0,0.022876922
526.0,526.0,0.37574303
527.0,527.0,0.006113678
528.0,528.0,0.004726999
529.0,529.0,0.5746324
530.0,530.0,0.40055063
531.0,531.0,0.010793596
532.0,532.0,0.12999971
533.0,533.0,0.49865487
534.0,534.0,0.0062661744
535.0,535.0,0.003087484
536.0,536.0,0.16659689
537.0,537.0,0.008083501
538.0,538.0,0.70712525
539.0,539.0,0.03960463
540.0,540.0,0.0011127118
541.0,541.0,0.050932456
542.0,542.0,0.24810925
543.0,543.0,0.35011142
544.0,544.0,0.6648628
545.0,545.0,0.0033327646
546.0,546.0,0.6553597
547.0,547.0,0.021151638
548.0,548.0,0.075551376
549.0,549.0,0.37552673
550.0,550.0,0.020941887
551.0,551.0,0.05026173
552.0,552.0,0.0028229852
553.0,553.0,0.003053827
554.0,554.0,0.0036957513
555.0,555.0,0.66196084
556.0,556.0,0.10407213
557.0,557.0,0.015383061
558.0,558.0,0.4111294
559.0,559.0,0.22657076
560.0,560.0,0.01246064
561.0,561.0,0.15144622
562.0,562.0,0.6796674
563.0,563.0,0.14030573
564.0,564.0,0.0029101507
565.0,565.0,0.2842154
566.0,566.0,0.30638188
567.0,567.0,0.52647096
568.0,568.0,0.72216713
569.0,569.0,0.0039175036
570.0,570.0,0.4496561
571.0,571.0,0.012400361
572.0,572.0,0.021932684
573.0,573.0,0.35650465
574.0,574.0,0.06254676
575.0,575.0,0.0047975536
576.0,576.0,0.025141517
577.0,577.0,0.0038426048
578.0,578.0,0.386711
579.0,579.0,0.0044744597
580.0,580.0,0.0023012557
581.0,581.0,0.66105384
582.0,582.0,0.0032510867
583.0,583.0,0.038915582
584.0,584.0,0.014083633
585.0,585.0,0.044712573
586.0,586.0,0.021838164
587.0,587.0,0.054854944
588.0,588.0,0.68824726
589.0,589.0,0.01647899
590.0,590.0,0.0041451957
591.0,591.0,0.35321426
592.0,592.0,0.74470073
593.0,593.0,0.0066657057
594.0,594.0,0.0040325415
595.0,595.0,0.004792489
596.0,596.0,0.580129
597.0,597.0,0.01693109
598.0,598.0,0.002494204
599.0,599.0,0.01612555
600.0,600.0,0.0042923028
601.0,601.0,0.3472905
602.0,602.0,0.08518944
603.0,603.0,0.020223303
604.0,604.0,0.033553082
605.0,605.0,0.08529317
606.0,606.0,0.010364077
607.0,607.0,0.7215454
608.0,608.0,0.6720653
609.0,609.0,0.030238852
610.0,610.0,0.3543279
611.0,611.0,0.4766861
612.0,612.0,0.07973788
613.0,613.0,0.017472157
614.0,614.0,0.14940198
615.0,615.0,0.04024314
616.0,616.0,0.053853303
617.0,617.0,0.013833438
618.0,618.0,0.0036524732
619.0,619.0,0.22566064
620.0,620.0,0.4577793
621.0,621.0,0.0012850042
622.0,622.0,0.37473136
623.0,623.0,0.0033826649
624.0,624.0,0.08803
625.0,625.0,0.3460997
626.0,626.0,0.09909315
627.0,627.0,0.41479275
628.0,628.0,0.74252903
629.0,629.0,0.13943271
630.0,630.0,0.36299837
631.0,631.0,0.40114856
632.0,632.0,0.0049220263
633.0,633.0,0.021017017
634.0,634.0,0.024234947
635.0,635.0,0.0053740814
636.0,636.0,0.0037270512
637.0,637.0,0.041452557
638.0,638.0,0.0024637626
639.0,639.0,0.335116
640.0,640.0,0.2798607
641.0,641.0,0.7064772
642.0,642.0,0.100638665
643.0,643.0,0.0021512932
644.0,644.0,0.004737553
645.0,645.0,0.608176
646.0,646.0,0.018718915
647.0,647.0,0.40375003
648.0,648.0,0.5766027
649.0,649.0,0.0041412455
650.0,650.0,0.0055093197
651.0,651.0,0.32615143
652.0,652.0,0.36191648
653.0,653.0,0.039505333
654.0,654.0,0.07316643
655.0,655.0,0.38302356
656.0,656.0,0.1707016
657.0,657.0,0.012504367
658.0,658.0,0.6367751
659.0,659.0,0.004559233
660.0,660.0,0.040708177
661.0,661.0,0.35215172
662.0,662.0,0.0020815434
663.0,663.0,0.009654615
664.0,664.0,0.62529415
665.0,665.0,0.04856344
666.0,666.0,0.007937804
667.0,667.0,0.6086871
668.0,668.0,0.0020717096
669.0,669.0,0.6701809
670.0,670.0,0.05498568
671.0,671.0,0.0014776421
672.0,672.0,0.70460236
673.0,673.0,0.008164748
674.0,674.0,0.6712863
675.0,675.0,0.0065123094
676.0,676.0,0.0039521353
677.0,677.0,0.004376784
678.0,678.0,0.04587338
679.0,679.0,0.005536805
680.0,680.0,0.015145699
681.0,681.0,0.14187126
682.0,682.0,0.5395382
683.0,683.0,0.0039137984
684.0,684.0,0.004270544
685.0,685.0,0.2749492
686.0,686.0,0.66927457
687.0,687.0,0.010382136
688.0,688.0,0.01799877
689.0,689.0,0.005933864
690.0,690.0,0.25505978
691.0,691.0,0.05953434
692.0,692.0,0.025027525
693.0,693.0,0.3396844
694.0,694.0,0.11023983
695.0,695.0,0.033035513
696.0,696.0,0.22468615
697.0,697.0,0.5752039
698.0,698.0,0.6365624
699.0,699.0,0.00312386
700.0,700.0,0.016301863
701.0,701.0,0.011615724
702.0,702.0,0.13470274
703.0,703.0,0.668364
704.0,704.0,0.0065011843
705.0,705.0,0.01906067
706.0,706.0,0.024295477
707.0,707.0,0.074138954
708.0,708.0,0.0041384986
709.0,709.0,0.208394
710.0,710.0,0.084708475
711.0,711.0,0.052944016
712.0,712.0,0.42516577
713.0,713.0,0.13043274
714.0,714.0,0.00640078
715.0,715.0,0.522618
716.0,716.0,0.0058485256
717.0,717.0,0.0119305495
718.0,718.0,0.00372813
719.0,719.0,0.2789968
720.0,720.0,0.009274642
721.0,721.0,0.43727827
722.0,722.0,0.10525852
723.0,723.0,0.2767925
724.0,724.0,0.4536195
725.0,725.0,0.016427306
726.0,726.0,0.001995113
727.0,727.0,0.26662305
728.0,728.0,0.020485118
729.0,729.0,0.0340465
730.0,730.0,0.15244722
731.0,731.0,0.0045100492
732.0,732.0,0.022175997
733.0,733.0,0.656907
734.0,734.0,0.06417142
735.0,735.0,0.008126803
736.0,736.0,0.056669727
737.0,737.0,0.5238666
738.0,738.0,0.008200603
739.0,739.0,0.023526128
740.0,740.0,0.7112965
741.0,741.0,0.0015440375
742.0,742.0,0.0050077997
743.0,743.0,0.0035430447
744.0,744.0,0.021643706
745.0,745.0,0.004084306
746.0,746.0,0.003117168
747.0,747.0,0.2109197
748.0,748.0,0.004679527
749.0,749.0,0.5382889
750.0,750.0,0.660622
751.0,751.0,0.005722176
752.0,752.0,0.012809609
753.0,753.0,0.3655486
754.0,754.0,0.17957145
755.0,755.0,0.14393373
756.0,756.0,0.10701113
757.0,757.0,0.004590734
758.0,758.0,0.64155024
759.0,759.0,0.31556842
760.0,760.0,0.4318749
761.0,761.0,0.5899733
762.0,762.0,0.72497135
763.0,763.0,0.0041254684
764.0,764.0,0.0232376
765.0,765.0,0.004716586
766.0,766.0,0.0047634877
767.0,767.0,0.0062780753
768.0,768.0,0.14310256
769.0,769.0,0.0049365973
770.0,770.0,0.012186903
771.0,771.0,0.027488414
772.0,772.0,0.03418213
773.0,773.0,0.4681089
774.0,774.0,0.21796791
775.0,775.0,0.0037196232
776.0,776.0,0.5409827
777.0,777.0,0.6388835
778.0,778.0,0.0034061195
779.0,779.0,0.273334
780.0,780.0,0.0021011953
781.0,781.0,0.0031403962
782.0,782.0,0.013103398
783.0,783.0,0.0074676187
784.0,784.0,0.0031131466
785.0,785.0,0.46001482
786.0,786.0,0.0042483616
787.0,787.0,0.61810774
788.0,788.0,0.015297517
789.0,789.0,0.074927725
790.0,790.0,0.14347018
791.0,791.0,0.0085621765
792.0,792.0,0.0025278926
793.0,793.0,0.026337104
794.0,794.0,0.10936892
795.0,795.0,0.0029362706
796.0,796.0,0.6983843
797.0,797.0,0.038427904
798.0,798.0,0.004925154
799.0,799.0,0.003613564
800.0,800.0,0.0040762466
801.0,801.0,0.01208353
802.0,802.0,0.0046152873
803.0,803.0,0.0034349007
804.0,804.0,0.007748445
805.0,805.0,0.002299293
806.0,806.0,0.005372625
807.0,807.0,0.0027750393
808.0,808.0,0.3314253
809.0,809.0,0.6420382
810.0,810.0,0.023410674
811.0,811.0,0.056890897
812.0,812.0,0.5845401
813.0,813.0,0.15866877
814.0,814.0,0.599801
815.0,815.0,0.005034461
816.0,816.0,0.029303627
817.0,817.0,0.006223797
818.0,818.0,0.008272503
819.0,819.0,0.41306126
820.0,820.0,0.0038962464
821.0,821.0,0.3588141
822.0,822.0,0.03414452
823.0,823.0,0.006608728
824.0,824.0,0.0039480277
825.0,825.0,0.18634449
826.0,826.0,0.010414499
827.0,827.0,0.27878046
828.0,828.0,0.014614946
829.0,829.0,9.991513E-4
830.0,830.0,0.14924543
831.0,831.0,0.11028085
832.0,832.0,0.51636195
833.0,833.0,0.004641679
834.0,834.0,0.0067920205
835.0,835.0,0.51375
836.0,836.0,0.12409172
837.0,837.0,0.32742515
838.0,838.0,0.032349017
839.0,839.0,0.0048145847
840.0,840.0,0.6251063
841.0,841.0,0.015277444
842.0,842.0,0.6706839
843.0,843.0,0.13337404
844.0,844.0,0.1407259
845.0,845.0,0.0071148803
846.0,846.0,0.21914908
847.0,847.0,0.612612
848.0,848.0,0.06418908
849.0,849.0,0.019719774
850.0,850.0,0.0027546415
851.0,851.0,0.09903205
852.0,852.0,0.014994363
853.0,853.0,0.0021339613
854.0,854.0,0.6822635
855.0,855.0,0.5996895
856.0,856.0,0.5963505
857.0,857.0,0.64954185
858.0,858.0,0.4475531
859.0,859.0,0.10602717
860.0,860.0,0.018537933
861.0,861.0,0.042219248
862.0,862.0,0.7022307
863.0,863.0,0.008361865
864.0,864.0,0.003979484
865.0,865.0,0.005762409
866.0,866.0,0.011052289
867.0,867.0,0.05258342
868.0,868.0,0.07357744
869.0,869.0,0.005988487
870.0,870.0,0.24467434
871.0,871.0,0.002993358
872.0,872.0,0.008366703
873.0,873.0,0.11520455
874.0,874.0,0.26948214
875.0,875.0,0.0036931413
876.0,876.0,0.15359475
877.0,877.0,0.002737437
878.0,878.0,0.0025722203
879.0,879.0,0.07727894
880.0,880.0,0.56583923
881.0,881.0,0.0139653
882.0,882.0,0.575796
883.0,883.0,0.015492154
884.0,884.0,0.043338615
885.0,885.0,0.0039136745
886.0,886.0,0.002390648
887.0,887.0,0.21771933
888.0,888.0,0.13172756
889.0,889.0,0.0016876538
890.0,890.0,0.014725469
891.0,891.0,0.033399615
892.0,892.0,0.3840766
893.0,893.0,0.5055831
894.0,894.0,0.004594969
895.0,895.0,0.0029338985
896.0,896.0,0.008428032
897.0,897.0,0.213816
898.0,898.0,0.23742904
899.0,899.0,0.0028023024
900.0,900.0,0.003513007
901.0,901.0,0.40228295
902.0,902.0,0.62727654
903.0,903.0,0.29886952
904.0,904.0,0.0039029599
905.0,905.0,0.292942
906.0,906.0,0.26826617
907.0,907.0,0.002168334
908.0,908.0,0.0018442398
909.0,909.0,0.66842556
910.0,910.0,0.0022053048
911.0,911.0,0.00901632
912.0,912.0,0.00605963
913.0,913.0,0.0040123407
914.0,914.0,0.15037417
915.0,915.0,0.15025192
916.0,916.0,0.12030458
917.0,917.0,0.04950927
918.0,918.0,0.002527989
919.0,919.0,0.2886507
920.0,920.0,0.00425108
921.0,921.0,0.011759951
922.0,922.0,0.0047687036
923.0,923.0,0.0018344838
924.0,924.0,0.016873328
925.0,925.0,0.14002374
926.0,926.0,0.7134052
927.0,927.0,0.014966138
928.0,928.0,0.4764788
929.0,929.0,0.0040671574
930.0,930.0,0.17781441
931.0,931.0,0.011713763
932.0,932.0,0.39220735
933.0,933.0,0.034806754
934.0,934.0,0.016653072
935.0,935.0,0.0035901216
936.0,936.0,0.004370215
937.0,937.0,0.0033215603
938.0,938.0,0.47840092
939.0,939.0,0.31586212
940.0,940.0,0.6799309
941.0,941.0,0.43438867
942.0,942.0,0.012133365
943.0,943.0,0.049847536
944.0,944.0,0.3704291
945.0,945.0,0.007982892
946.0,946.0,0.012173676
947.0,947.0,0.020139446
948.0,948.0,0.0062706564
949.0,949.0,0.18417378
950.0,950.0,0.17437865
951.0,951.0,0.082935125
952.0,952.0,0.48051098
953.0,953.0,0.031578336
954.0,954.0,0.13050506
955.0,955.0,0.32386553
956.0,956.0,0.36257803
957.0,957.0,0.63171077
958.0,958.0,0.007191576
959.0,959.0,0.74635655
960.0,960.0,0.38428023
961.0,961.0,0.04688069
962.0,962.0,0.6419997
963.0,963.0,0.004480162
964.0,964.0,0.007597301
965.0,965.0,0.010529155
966.0,966.0,0.0021024682
967.0,967.0,0.003525969
968.0,968.0,0.0030414572
969.0,969.0,0.09615321
970.0,970.0,0.0076892087
971.0,971.0,0.0025604507
972.0,972.0,0.08536872
973.0,973.0,0.019639893
974.0,974.0,0.0027321393
975.0,975.0,0.269833
976.0,976.0,0.65058345
977.0,977.0,0.005650492
978.0,978.0,0.07726716
979.0,979.0,0.010439055
980.0,980.0,0.1358546
981.0,981.0,0.08967745
982.0,982.0,0.0061755064
983.0,983.0,0.0034324504
984.0,984.0,0.065733515
985.0,985.0,0.004261975
986.0,986.0,0.347508
987.0,987.0,0.12325577
988.0,988.0,0.32641178
989.0,989.0,0.09691972
990.0,990.0,0.3357107
991.0,991.0,0.05254127
992.0,992.0,0.0174215
993.0,993.0,0.69509494
994.0,994.0,0.008672739
995.0,995.0,0.0026465596
996.0,996.0,0.5458911
997.0,997.0,0.3561596
998.0,998.0,0.5631929
999.0,999.0,0.12043391
1000.0,1000.0,0.014153056
1001.0,1001.0,0.6919424
1002.0,1002.0,0.02217479
1003.0,1003.0,0.012630429
1004.0,1004.0,0.24422303
1005.0,1005.0,0.1363617
1006.0,1006.0,0.05229674
1007.0,1007.0,0.574107
1008.0,1008.0,0.0030647495
1009.0,1009.0,0.5173945
1010.0,1010.0,0.005777393
1011.0,1011.0,0.52894497
1012.0,1012.0,0.08882393
1013.0,1013.0,0.5123646
1014.0,1014.0,0.0044371476
1015.0,1015.0,0.024935551
1016.0,1016.0,0.6305903
1017.0,1017.0,0.17665718
1018.0,1018.0,0.10920487
1019.0,1019.0,0.1513472
1020.0,1020.0,0.25874022
1021.0,1021.0,0.63143355
1022.0,1022.0,0.6402821
1023.0,1023.0,0.4400664
1024.0,1024.0,0.7005414
1025.0,1025.0,0.0034005493
1026.0,1026.0,0.25126672
1027.0,1027.0,0.004534536
1028.0,1028.0,0.01705001
1029.0,1029.0,0.08740839
1030.0,1030.0,0.45657486
1031.0,1031.0,0.015127653
1032.0,1032.0,0.563013
1033.0,1033.0,0.7008332
1034.0,1034.0,0.37844372
1035.0,1035.0,0.0042358125
1036.0,1036.0,0.035753034
1037.0,1037.0,0.25608072
1038.0,1038.0,0.55395395
1039.0,1039.0,0.028370973
1040.0,1040.0,0.0038234987
1041.0,1041.0,0.61975026
1042.0,1042.0,0.015543378
1043.0,1043.0,0.23655805
1044.0,1044.0,0.0050524357
1045.0,1045.0,0.32648894
1046.0,1046.0,0.002905151
1047.0,1047.0,0.0039592213
1048.0,1048.0,0.2010323
1049.0,1049.0,0.010383486
1050.0,1050.0,0.21385342
1051.0,1051.0,0.0021840697
1052.0,1052.0,0.21086124
1053.0,1053.0,0.0026777377
1054.0,1054.0,0.005047429
1055.0,1055.0,0.27400765
1056.0,1056.0,0.0040238835
1057.0,1057.0,0.020848036
1058.0,1058.0,0.049063846
1059.0,1059.0,0.5961987
1060.0,1060.0,0.5914914
1061.0,1061.0,0.47207215
1062.0,1062.0,9.254748E-4
1063.0,1063.0,0.018488396
1064.0,1064.0,0.0037004382
1065.0,1065.0,0.0063084015
1066.0,1066.0,0.023926312
1067.0,1067.0,0.0020343151
1068.0,1068.0,0.0014645803
1069.0,1069.0,0.6145103
1070.0,1070.0,0.0027302646
1071.0,1071.0,0.2510725
1072.0,1072.0,0.61662704
1073.0,1073.0,0.6084467
1074.0,1074.0,0.002803154
1075.0,1075.0,0.15375482
1076.0,1076.0,0.004179684
1077.0,1077.0,0.02221493
1078.0,1078.0,0.14598024
1079.0,1079.0,0.002834196
1080.0,1080.0,0.48039928
1081.0,1081.0,0.0022515722
1082.0,1082.0,0.0052190796
1083.0,1083.0,0.5476743
1084.0,1084.0,0.016378356
1085.0,1085.0,0.39245078
1086.0,1086.0,0.003050761
1087.0,1087.0,0.015558291
1088.0,1088.0,0.008146354
1089.0,1089.0,0.10701855
1090.0,1090.0,0.45447573
1091.0,1091.0,0.15991698
1092.0,1092.0,0.002308488
1093.0,1093.0,0.570911
1094.0,1094.0,0.0070013274
1095.0,1095.0,0.6582842
1096.0,1096.0,0.2913114
1097.0,1097.0,0.62896144
1098.0,1098.0,0.65573776
1099.0,1099.0,0.0026116993
1100.0,1100.0,0.014036044
1101.0,1101.0,0.0028444058
1102.0,1102.0,0.5997017
1103.0,1103.0,0.006437924
1104.0,1104.0,0.07650048
1105.0,1105.0,0.0047646468
1106.0,1106.0,0.2180079
1107.0,1107.0,0.5310455
1108.0,1108.0,0.0070226216
1109.0,1109.0,0.0023699545
1110.0,1110.0,0.0048640226
1111.0,1111.0,0.38166255
1112.0,1112.0,0.0050728666
1113.0,1113.0,0.3734122
1114.0,1114.0,0.5262357
1115.0,1115.0,0.5075229
1116.0,1116.0,0.006916932
1117.0,1117.0,0.008997247
1118.0,1118.0,0.0037509492
1119.0,1119.0,0.5027582
1120.0,1120.0,0.21993026
1121.0,1121.0,0.5980774
1122.0,1122.0,0.0968321
1123.0,1123.0,0.57237357
1124.0,1124.0,0.0071030282
1125.0,1125.0,0.0077152704
1126.0,1126.0,0.30293
1127.0,1127.0,0.263675
1128.0,1128.0,0.30353862
1129.0,1129.0,0.39372063
1130.0,1130.0,0.6741551
1131.0,1131.0,0.043241
1132.0,1132.0,0.0054083737
1133.0,1133.0,0.15182114
1134.0,1134.0,0.003490551
1135.0,1135.0,0.6233035
1136.0,1136.0,0.0026923444
1137.0,1137.0,0.6506828
1138.0,1138.0,0.0146665955
1139.0,1139.0,0.4790424
1140.0,1140.0,0.6301998
1141.0,1141.0,0.18603452
1142.0,1142.0,0.0021924395
1143.0,1143.0,0.06831729
1144.0,1144.0,0.0027841525
1145.0,1145.0,0.47149178
1146.0,1146.0,0.21861228
1147.0,1147.0,0.009079419
1148.0,1148.0,0.6856574
1149.0,1149.0,0.0018656784
1150.0,1150.0,0.54780966
1151.0,1151.0,0.27324417
1152.0,1152.0,0.607519
1153.0,1153.0,0.0060280166
1154.0,1154.0,0.321579
1155.0,1155.0,0.3073255
1156.0,1156.0,0.006176402
1157.0,1157.0,0.60231197
1158.0,1158.0,0.00393329
1159.0,1159.0,0.6980234
1160.0,1160.0,0.0061338022
1161.0,1161.0,0.3973151
1162.0,1162.0,0.008645893
1163.0,1163.0,0.062436447
1164.0,1164.0,0.29226005
1165.0,1165.0,0.5683788
1166.0,1166.0,0.0030331325
1167.0,1167.0,0.015697733
1168.0,1168.0,0.627121
1169.0,1169.0,0.010466071
1170.0,1170.0,0.0025802697
1171.0,1171.0,0.43426156
1172.0,1172.0,0.012079743
1173.0,1173.0,0.072750896
1174.0,1174.0,0.045039937
1175.0,1175.0,0.3011838
1176.0,1176.0,0.01812092
1177.0,1177.0,0.09989878
1178.0,1178.0,0.24537027
1179.0,1179.0,0.28853488
1180.0,1180.0,0.07858167
1181.0,1181.0,0.005343625
1182.0,1182.0,0.007829516
1183.0,1183.0,0.38386133
1184.0,1184.0,0.0016089939
1185.0,1185.0,0.0024889512
1186.0,1186.0,0.0017401187
1187.0,1187.0,0.35410404
1188.0,1188.0,0.0029227328
1189.0,1189.0,0.11671016
1190.0,1190.0,0.1211198
1191.0,1191.0,0.57892394
1192.0,1192.0,0.2873541
1193.0,1193.0,0.13167775
1194.0,1194.0,0.65159893
1195.0,1195.0,0.006967247
1196.0,1196.0,0.101231344
1197.0,1197.0,0.0036769772
1198.0,1198.0,0.033642944
1199.0,1199.0,0.0030153957
1200.0,1200.0,0.106606506
1201.0,1201.0,0.0025556723
1202.0,1202.0,0.0036597755
1203.0,1203.0,0.24951482
1204.0,1204.0,0.0070770234
1205.0,1205.0,0.054442383
1206.0,1206.0,0.75138503
1207.0,1207.0,0.5398831
1208.0,1208.0,0.44135228
1209.0,1209.0,0.0050206203
1210.0,1210.0,0.0021167677
1211.0,1211.0,0.7174132
1212.0,1212.0,0.22134589
1213.0,1213.0,0.0068723494
1214.0,1214.0,0.08157473
1215.0,1215.0,0.19454469
1216.0,1216.0,0.63748646
1217.0,1217.0,0.34928197
1218.0,1218.0,0.0052514235
1219.0,1219.0,0.046873312
1220.0,1220.0,0.05972023
1221.0,1221.0,0.1749646
1222.0,1222.0,0.0033496434
1223.0,1223.0,0.14484583
1224.0,1224.0,0.42248878
1225.0,1225.0,0.35826275
1226.0,1226.0,0.089585975
1227.0,1227.0,0.08278874
1228.0,1228.0,0.00605049
1229.0,1229.0,0.0061508296
1230.0,1230.0,0.1454359
1231.0,1231.0,0.02572849
1232.0,1232.0,0.0027423115
1233.0,1233.0,0.48372343
1234.0,1234.0,0.0037416848
1235.0,1235.0,0.704681
1236.0,1236.0,0.0020483967
1237.0,1237.0,0.31144926
1238.0,1238.0,0.0027524543
1239.0,1239.0,0.55802906
1240.0,1240.0,0.15330207
1241.0,1241.0,0.26060104
1242.0,1242.0,0.0034347198
1243.0,1243.0,0.0050841435
1244.0,1244.0,0.018011278
1245.0,1245.0,0.25866264
1246.0,1246.0,0.3675316
1247.0,1247.0,0.14154549
1248.0,1248.0,0.009000845
1249.0,1249.0,0.003994595
1250.0,1250.0,0.4029931
1251.0,1251.0,0.0040999167
1252.0,1252.0,0.38294256
1253.0,1253.0,0.008581049
1254.0,1254.0,0.6449577
1255.0,1255.0,0.66857916
1256.0,1256.0,0.74595886
1257.0,1257.0,6.737126E-4
1258.0,1258.0,0.5571957
1259.0,1259.0,0.2636373
1260.0,1260.0,0.6740624
1261.0,1261.0,0.044625856
1262.0,1262.0,0.044889458
1263.0,1263.0,0.21563777
1264.0,1264.0,0.0029410913
1265.0,1265.0,0.0029970747
1266.0,1266.0,0.4697545
1267.0,1267.0,0.004637675
1268.0,1268.0,0.3609584
1269.0,1269.0,0.0052493
1270.0,1270.0,0.05674311
1271.0,1271.0,0.0495526
1272.0,1272.0,0.0020648628
1273.0,1273.0,0.6134696
1274.0,1274.0,0.0039922837
1275.0,1275.0,0.3546984
1276.0,1276.0,0.06034665
1277.0,1277.0,0.016511105
1278.0,1278.0,0.004941282
1279.0,1279.0,0.61932755
1280.0,1280.0,0.6416836
1281.0,1281.0,0.6093567
1282.0,1282.0,0.0028262604
1283.0,1283.0,0.6628008
1284.0,1284.0,0.5723414
1285.0,1285.0,0.14444187
1286.0,1286.0,0.0043809204
1287.0,1287.0,0.0021396524
1288.0,1288.0,0.67614627
1289.0,1289.0,0.18029994
1290.0,1290.0,0.0037587362
1291.0,1291.0,0.11453836
1292.0,1292.0,0.0036189288
1293.0,1293.0,0.018125162
1294.0,1294.0,0.0045370776
1295.0,1295.0,0.31282112
1296.0,1296.0,0.5922665
1297.0,1297.0,0.001916634
1298.0,1298.0,0.022039559
1299.0,1299.0,0.005631516
1300.0,1300.0,0.07600948
1301.0,1301.0,0.61814415
1302.0,1302.0,0.3757035
1303.0,1303.0,0.5694491
1304.0,1304.0,0.008392047
1305.0,1305.0,0.59849733
1306.0,1306.0,0.015685178
1307.0,1307.0,0.6138621
1308.0,1308.0,0.20803143
1309.0,1309.0,0.0030971365
1310.0,1310.0,0.13035667
1311.0,1311.0,0.36059943
1312.0,1312.0,0.4972214
1313.0,1313.0,0.4885113
1314.0,1314.0,0.0062705153
1315.0,1315.0,0.67265826
1316.0,1316.0,0.6180199
1317.0,1317.0,0.38019654
1318.0,1318.0,0.14090295
1319.0,1319.0,0.004277867
1320.0,1320.0,0.007233115
1321.0,1321.0,0.43051246
1322.0,1322.0,0.34285554
1323.0,1323.0,0.121331036
1324.0,1324.0,0.0034406707
1325.0,1325.0,0.01634268
1326.0,1326.0,0.0033829566
1327.0,1327.0,0.4186257
1328.0,1328.0,0.0032770857
1329.0,1329.0,0.0026178586
1330.0,1330.0,0.07245353
1331.0,1331.0,0.36374325
1332.0,1332.0,0.0026543604
1333.0,1333.0,0.005363429
1334.0,1334.0,0.0041102055
1335.0,1335.0,0.5660619
1336.0,1336.0,0.15800463
1337.0,1337.0,0.7162146
1338.0,1338.0,0.7324991
1339.0,1339.0,0.65357447
1340.0,1340.0,0.0586155
1341.0,1341.0,0.12016104
1342.0,1342.0,0.010624382
1343.0,1343.0,0.0037712317
1344.0,1344.0,0.0051049106
1345.0,1345.0,0.00895254
1346.0,1346.0,0.0057550743
1347.0,1347.0,0.0026400138
1348.0,1348.0,0.018671688
1349.0,1349.0,0.67789704
1350.0,1350.0,0.14957513
1351.0,1351.0,0.036901444
1352.0,1352.0,0.05362668
1353.0,1353.0,0.038144145
1354.0,1354.0,0.48235503
1355.0,1355.0,0.22480021
1356.0,1356.0,0.0025103511
1357.0,1357.0,0.0036163444
1358.0,1358.0,0.068662815
1359.0,1359.0,0.0039442363
1360.0,1360.0,0.0051721265
1361.0,1361.0,0.28885487
1362.0,1362.0,0.06942609
1363.0,1363.0,0.37691912
1364.0,1364.0,0.004237497
1365.0,1365.0,0.019433497
1366.0,1366.0,0.03959887
1367.0,1367.0,0.050669894
1368.0,1368.0,0.2574967
1369.0,1369.0,0.002660952
1370.0,1370.0,0.026652679
1371.0,1371.0,0.020308785
1372.0,1372.0,0.0049703694
1373.0,1373.0,0.013747264
1374.0,1374.0,0.01479158
1375.0,1375.0,0.70610875
1376.0,1376.0,0.6640743
1377.0,1377.0,0.022031981
1378.0,1378.0,0.0062952125
1379.0,1379.0,0.5437608
1380.0,1380.0,0.00456898
1381.0,1381.0,0.5781109
1382.0,1382.0,0.21754833
1383.0,1383.0,0.34389457
1384.0,1384.0,0.14728238
1385.0,1385.0,0.16780189
1386.0,1386.0,0.5893679
1387.0,1387.0,0.5355947
1388.0,1388.0,0.6778046
1389.0,1389.0,0.4859676
1390.0,1390.0,0.10511458
1391.0,1391.0,0.6646002
1392.0,1392.0,0.6464202
1393.0,1393.0,0.12267243
1394.0,1394.0,0.42205736
1395.0,1395.0,0.0036184294
1396.0,1396.0,0.0033817366
1397.0,1397.0,0.013407512
1398.0,1398.0,0.15672095
1399.0,1399.0,0.004161571
1400.0,1400.0,0.0060442286
1401.0,1401.0,0.24582332
1402.0,1402.0,0.004045277
1403.0,1403.0,0.0022550703
1404.0,1404.0,0.08027688
1405.0,1405.0,0.003222122
1406.0,1406.0,0.0041425554
1407.0,1407.0,0.0047863764
1408.0,1408.0,0.046900123
1409.0,1409.0,0.14561619
1410.0,1410.0,0.123474516
1411.0,1411.0,0.0039957
1412.0,1412.0,0.0057142144
1413.0,1413.0,0.1699603
1414.0,1414.0,0.002615961
1415.0,1415.0,0.14485261
1416.0,1416.0,0.589375
1417.0,1417.0,0.24954309
1418.0,1418.0,0.23339935
1419.0,1419.0,0.024531256
1420.0,1420.0,0.38844508
1421.0,1421.0,0.012039787
1422.0,1422.0,0.035815854
1423.0,1423.0,0.6074019
1424.0,1424.0,0.003970385
1425.0,1425.0,0.3997524
1426.0,1426.0,0.004086688
1427.0,1427.0,0.6046429
1428.0,1428.0,0.120606475
1429.0,1429.0,0.15300032
1430.0,1430.0,0.6328791
1431.0,1431.0,0.025232121
1432.0,1432.0,0.6162797
1433.0,1433.0,0.071102925
1434.0,1434.0,0.39055064
1435.0,1435.0,0.0018913372
1436.0,1436.0,0.0026483194
1437.0,1437.0,0.42427516
1438.0,1438.0,0.0029951073
1439.0,1439.0,0.0056861243
1440.0,1440.0,0.11040531
1441.0,1441.0,0.45492065
1442.0,1442.0,0.002461071
1443.0,1443.0,0.17928435
1444.0,1444.0,0.6800721
1445.0,1445.0,0.010906815
1446.0,1446.0,0.55603206
1447.0,1447.0,0.003393286
1448.0,1448.0,0.047174893
1449.0,1449.0,0.0031875109
1450.0,1450.0,0.32048118
1451.0,1451.0,0.12624565
1452.0,1452.0,0.07055747
1453.0,1453.0,0.5802878
1454.0,1454.0,0.15627015
1455.0,1455.0,0.015756939
1456.0,1456.0,0.10973534
1457.0,1457.0,0.27158007
1458.0,1458.0,0.35422638
1459.0,1459.0,0.023437554
1460.0,1460.0,0.0025083234
1461.0,1461.0,0.32077843
1462.0,1462.0,0.6535559
1463.0,1463.0,0.6552676
1464.0,1464.0,0.054772012
1465.0,1465.0,0.32150683
1466.0,1466.0,0.010074336
1467.0,1467.0,0.0026869578
1468.0,1468.0,0.0076453947
1469.0,1469.0,0.0031602024
1470.0,1470.0,0.6627566
1471.0,1471.0,0.004352705
1472.0,1472.0,0.31047696
1473.0,1473.0,0.3119062
1474.0,1474.0,0.002529682
1475.0,1475.0,0.41887152
1476.0,1476.0,0.47737464
1477.0,1477.0,0.0031317263
1478.0,1478.0,0.22082491
1479.0,1479.0,0.024036773
1480.0,1480.0,0.012825577
1481.0,1481.0,8.997874E-4
1482.0,1482.0,0.7115385
1483.0,1483.0,0.003104485
1484.0,1484.0,0.6096114
1485.0,1485.0,0.55842376
1486.0,1486.0,0.0063323528
1487.0,1487.0,0.7064589
1488.0,1488.0,0.623056
1489.0,1489.0,0.6220457
1490.0,1490.0,0.0047354135
1491.0,1491.0,0.027238112
1492.0,1492.0,0.0038966967
1493.0,1493.0,0.0034876373
1494.0,1494.0,0.122188754
1495.0,1495.0,0.31339902
1496.0,1496.0,0.0054550073
1497.0,1497.0,0.43323022
1498.0,1498.0,0.701884
1499.0,1499.0,0.030016005
1500.0,1500.0,0.47135153
1501.0,1501.0,0.5886393
1502.0,1502.0,0.61994475
1503.0,1503.0,0.19847551
1504.0,1504.0,0.30294573
1505.0,1505.0,0.25319713
1506.0,1506.0,0.0075244107
1507.0,1507.0,0.34534216
1508.0,1508.0,0.0049080527
1509.0,1509.0,0.0029352128
1510.0,1510.0,0.69271773
1511.0,1511.0,0.57525116
1512.0,1512.0,0.005285242
1513.0,1513.0,0.0037145047
1514.0,1514.0,0.35379544
1515.0,1515.0,0.0025075334
1516.0,1516.0,0.061892577
1517.0,1517.0,0.021703802
1518.0,1518.0,0.011843727
1519.0,1519.0,0.60329854
1520.0,1520.0,0.5216937
1521.0,1521.0,0.0025598353
1522.0,1522.0,0.0028409467
1523.0,1523.0,0.661387
1524.0,1524.0,0.0057965075
1525.0,1525.0,0.018424507
1526.0,1526.0,0.002853478
1527.0,1527.0,0.004998108
1528.0,1528.0,0.61868715
1529.0,1529.0,0.04836421
1530.0,1530.0,0.0024256806
1531.0,1531.0,0.17421624
1532.0,1532.0,0.0028071762
1533.0,1533.0,0.01673349
1534.0,1534.0,0.43526924
1535.0,1535.0,0.0031291137
1536.0,1536.0,0.019251848
1537.0,1537.0,0.23507024
1538.0,1538.0,0.22573532
1539.0,1539.0,0.091377884
1540.0,1540.0,0.66527915
1541.0,1541.0,0.3160314
1542.0,1542.0,0.04463648
1543.0,1543.0,0.17808704
1544.0,1544.0,0.42907906
1545.0,1545.0,0.0034762798
1546.0,1546.0,0.11194542
1547.0,1547.0,0.0033579122
1548.0,1548.0,0.38708785
1549.0,1549.0,0.5263661
1550.0,1550.0,0.025687126
1551.0,1551.0,0.67851394
1552.0,1552.0,0.011170511
1553.0,1553.0,0.29649034
1554.0,1554.0,0.09335148
1555.0,1555.0,0.0069816574
1556.0,1556.0,0.049004436
1557.0,1557.0,0.0061742305
1558.0,1558.0,0.43522367
1559.0,1559.0,0.09057266
1560.0,1560.0,0.0066193813
1561.0,1561.0,0.1589597
1562.0,1562.0,0.035354044
1563.0,1563.0,0.0050900537
1564.0,1564.0,0.01945762
1565.0,1565.0,0.3773795
1566.0,1566.0,0.29250172
1567.0,1567.0,0.0038398507
1568.0,1568.0,0.5593565
1569.0,1569.0,0.0032489945
1570.0,1570.0,0.55621964
1571.0,1571.0,0.37758866
1572.0,1572.0,0.0040618214
1573.0,1573.0,0.0061841807
1574.0,1574.0,0.0049937614
1575.0,1575.0,0.057214875
1576.0,1576.0,0.0052851476
1577.0,1577.0,0.15487777
1578.0,1578.0,0.09714163
1579.0,1579.0,0.7104252
1580.0,1580.0,0.0023961111
1581.0,1581.0,0.6645169
1582.0,1582.0,0.25924376
1583.0,1583.0,0.005955778
1584.0,1584.0,0.6493688
1585.0,1585.0,0.0038150789
1586.0,1586.0,0.69179255
1587.0,1587.0,0.34510857
1588.0,1588.0,0.0030870265
1589.0,1589.0,0.0032359527
1590.0,1590.0,0.0025577422
1591.0,1591.0,0.015269784
1592.0,1592.0,0.17653267
1593.0,1593.0,0.7085023
1594.0,1594.0,0.0042585614
1595.0,1595.0,0.0024713464
1596.0,1596.0,0.030236255
1597.0,1597.0,0.51655465
1598.0,1598.0,0.022146162
1599.0,1599.0,0.70421284
1600.0,1600.0,0.115185425
1601.0,1601.0,0.029605187
1602.0,1602.0,0.503736
1603.0,1603.0,0.41001847
1604.0,1604.0,0.25446546
1605.0,1605.0,0.41293055
1606.0,1606.0,0.65609944
1607.0,1607.0,0.0090696085
1608.0,1608.0,0.0054860557
1609.0,1609.0,0.41448426
1610.0,1610.0,0.007834594
1611.0,1611.0,0.1595202
1612.0,1612.0,0.24610077
1613.0,1613.0,0.7164629
1614.0,1614.0,0.0035148899
1615.0,1615.0,0.5972495
1616.0,1616.0,0.53118163
1617.0,1617.0,0.0047176667
1618.0,1618.0,0.14577112
1619.0,1619.0,0.080758035
1620.0,1620.0,0.58831173
1621.0,1621.0,0.014474653
1622.0,1622.0,0.0032452673
1623.0,1623.0,0.002884437
1624.0,1624.0,0.0025990943
1625.0,1625.0,0.0038965996
1626.0,1626.0,0.35921755
1627.0,1627.0,0.022569966
1628.0,1628.0,0.08780213
1629.0,1629.0,0.310577
1630.0,1630.0,0.002708226
1631.0,1631.0,0.37641788
1632.0,1632.0,0.014364999
1633.0,1633.0,0.0047174045
1634.0,1634.0,0.009688648
1635.0,1635.0,0.0076533393
1636.0,1636.0,0.32522672
1637.0,1637.0,0.33873883
1638.0,1638.0,0.03463768
1639.0,1639.0,0.00214381
1640.0,1640.0,0.001961014
1641.0,1641.0,0.61393815
1642.0,1642.0,0.0059010256
1643.0,1643.0,0.0062982524
1644.0,1644.0,0.023228128
1645.0,1645.0,0.0047720275
1646.0,1646.0,0.005865968
1647.0,1647.0,0.58780116
1648.0,1648.0,0.65361303
1649.0,1649.0,0.02131161
1650.0,1650.0,0.043999832
1651.0,1651.0,0.16334513
1652.0,1652.0,0.050248545
1653.0,1653.0,0.43834895
1654.0,1654.0,0.18221198
1655.0,1655.0,0.013496687
1656.0,1656.0,0.0063268673
1657.0,1657.0,0.14798313
1658.0,1658.0,0.012186067
1659.0,1659.0,0.34910718
1660.0,1660.0,0.7287574
1661.0,1661.0,0.024824308
1662.0,1662.0,0.2664428
1663.0,1663.0,0.007926493
1664.0,1664.0,0.013661708
1665.0,1665.0,0.0052137254
